Team,Winrate,Season
DAL,0.817,06_07
PHO,0.744,06_07
SAS,0.707,06_07
DET,0.646,06_07
HOU,0.634,06_07
UTA,0.622,06_07
CLE,0.61,06_07
CHI,0.598,06_07
TOR,0.573,06_07
DEN,0.549,06_07
MIA,0.537,06_07
LAL,0.512,06_07
GSW,0.512,06_07
WAS,0.5,06_07
NJN,0.5,06_07
ORL,0.488,06_07
LAC,0.488,06_07
NOK,0.476,06_07
PHI,0.427,06_07
IND,0.427,06_07
NYK,0.402,06_07
SAC,0.402,06_07
CHA,0.402,06_07
MIN,0.39,06_07
POR,0.39,06_07
SEA,0.378,06_07
ATL,0.366,06_07
MIL,0.341,06_07
BOS,0.293,06_07
MEM,0.268,06_07
